[
  {
    "timestamp" : "2025-05-23T19:42:48Z",
    "pid" : 33699,
    "path" : "\/Users\/farukalpay\/Downloads\/test.txt",
    "sandboxed" : false,
    "result" : "✅ Access Granted"
  },
  {
    "pid" : 33711,
    "result" : "✅ Success (38 bytes)",
    "sandboxed" : false,
    "timestamp" : "2025-05-23T19:44:48Z",
    "path" : "\/Users\/farukalpay\/Downloads\/test.txt"
  },
  {
    "pid" : 33767,
    "timestamp" : "2025-05-23T19:50:48Z",
    "sandboxed" : false,
    "result" : "✅ Write success",
    "path" : "\/Users\/farukalpay\/Downloads\/test.txt"
  },
  {
    "pid" : 35155,
    "path" : "\/Users\/farukalpay\/Documents\/Secret.txt",
    "result" : "✅ Write success",
    "sandboxed" : false,
    "timestamp" : "2025-05-23T22:21:58Z"
  },
  {
    "pid" : 35157,
    "result" : "✅ Success (39 bytes)",
    "sandboxed" : false,
    "timestamp" : "2025-05-23T22:21:58Z",
    "path" : "\/Users\/farukalpay\/Documents\/Secret.txt"
  }
]